ID,Name,Age,City,Country,Salary,Date
1,Person_1,33,CityC,CountryY,32020,2023-06-18
2,Person_2,27,CityA,CountryX,56033,2023-07-08
3,Person_3,19,CityA,CountryX,60416,2023-09-16
4,Person_4,49,CityD,CountryX,38983,2022-11-27
5,Person_5,53,CityA,CountryY,58720,2023-09-22
6,Person_6,42,CityB,CountryY,50836,2023-01-28
7,Person_7,29,CityA,CountryY,32131,2023-08-15
8,Person_8,43,CityE,CountryY,40790,2023-05-09
9,Person_9,56,CityB,CountryZ,31893,2023-02-05
10,Person_10,55,CityA,CountryX,50883,2023-06-24
11,Person_11,39,CityA,CountryY,36419,2023-01-12
12,Person_12,28,CityA,CountryZ,38578,2023-07-26
13,Person_13,44,CityC,CountryZ,43734,2023-02-20
14,Person_14,38,CityA,CountryY,53622,2023-04-07
15,Person_15,51,CityE,CountryZ,60368,2023-10-19
16,Person_16,37,CityE,CountryZ,31663,2023-09-25
17,Person_17,49,CityE,CountryZ,30624,2022-12-20
18,Person_18,40,CityC,CountryY,57473,2023-09-16
19,Person_19,43,CityE,CountryY,46781,2023-02-27
20,Person_20,35,CityC,CountryZ,31367,2023-04-15
21,Person_21,37,CityB,CountryZ,35705,2022-12-27
22,Person_22,43,CityA,CountryY,38671,2023-01-27
23,Person_23,35,CityD,CountryX,60500,2023-08-13
24,Person_24,57,CityB,CountryZ,60296,2023-03-12
25,Person_25,35,CityC,CountryX,61128,2023-06-17
26,Person_26,55,CityD,CountryY,46286,2022-12-22
27,Person_27,54,CityD,CountryY,48003,2023-03-06
28,Person_28,36,CityE,CountryZ,50176,2023-01-28
29,Person_29,23,CityB,CountryZ,34252,2023-02-10
30,Person_30,38,CityC,CountryX,37218,2023-09-04
31,Person_31,46,CityE,CountryX,37717,2022-11-14
32,Person_32,55,CityC,CountryZ,53515,2022-12-15
33,Person_33,31,CityD,CountryX,52368,2023-10-11
34,Person_34,45,CityC,CountryY,55907,2023-11-05
35,Person_35,33,CityD,CountryY,33124,2023-03-19
36,Person_36,32,CityD,CountryX,60544,2022-11-25
37,Person_37,24,CityD,CountryX,42610,2023-05-18
38,Person_38,35,CityA,CountryZ,36369,2023-06-11
39,Person_39,54,CityB,CountryY,44864,2023-05-27
40,Person_40,35,CityE,CountryZ,61344,2023-11-07
41,Person_41,49,CityD,CountryX,47233,2023-11-06
42,Person_42,28,CityC,CountryY,41448,2023-05-14
43,Person_43,29,CityA,CountryX,34710,2023-06-08
44,Person_44,31,CityE,CountryY,51410,2022-12-25
45,Person_45,21,CityA,CountryX,30323,2023-08-30
46,Person_46,20,CityE,CountryX,43924,2023-04-03
47,Person_47,36,CityC,CountryY,54165,2023-01-17
48,Person_48,53,CityB,CountryX,40911,2023-10-29
49,Person_49,25,CityD,CountryX,51084,2023-10-11
50,Person_50,33,CityB,CountryZ,45311,2023-10-07
51,Person_51,53,CityC,CountryX,55168,2023-01-18
52,Person_52,43,CityB,CountryZ,41169,2023-02-09
53,Person_53,35,CityE,CountryZ,50651,2023-11-03
54,Person_54,38,CityD,CountryX,39002,2023-07-24
55,Person_55,33,CityA,CountryZ,32232,2023-01-05
56,Person_56,57,CityC,CountryZ,48713,2022-11-20
57,Person_57,28,CityB,CountryX,49193,2022-12-24
58,Person_58,54,CityE,CountryY,31382,2023-10-27
59,Person_59,22,CityC,CountryX,60268,2023-05-03
60,Person_60,46,CityB,CountryY,35737,2023-07-15
61,Person_61,23,CityA,CountryY,41194,2023-06-03
62,Person_62,24,CityB,CountryX,33913,2023-06-12
63,Person_63,56,CityC,CountryY,52000,2023-03-05
64,Person_64,35,CityD,CountryY,62372,2023-02-12
65,Person_65,29,CityB,CountryY,47480,2023-09-05
66,Person_66,36,CityE,CountryY,47011,2023-05-15
67,Person_67,47,CityD,CountryY,51776,2023-07-15
68,Person_68,41,CityD,CountryX,51165,2023-07-31
69,Person_69,38,CityA,CountryX,61745,2023-01-19
70,Person_70,43,CityC,CountryX,47649,2023-09-20
71,Person_71,21,CityE,CountryY,62315,2022-12-06
72,Person_72,56,CityC,CountryY,44344,2023-06-04
73,Person_73,21,CityA,CountryX,40823,2023-02-10
74,Person_74,32,CityD,CountryZ,41498,2023-04-11
75,Person_75,42,CityB,CountryX,41525,2023-10-24
76,Person_76,43,CityD,CountryY,35864,2023-01-20
77,Person_77,23,CityB,CountryY,38466,2023-05-24
78,Person_78,45,CityB,CountryZ,44557,2023-11-07
79,Person_79,23,CityE,CountryZ,30332,2023-10-17
80,Person_80,35,CityA,CountryY,39771,2023-07-12
81,Person_81,51,CityB,CountryY,60160,2023-01-31
82,Person_82,50,CityC,CountryY,57324,2023-05-17
83,Person_83,51,CityB,CountryZ,41339,2022-12-20
84,Person_84,45,CityD,CountryY,48416,2023-09-20
85,Person_85,23,CityD,CountryX,59065,2023-03-10
86,Person_86,39,CityC,CountryZ,40215,2023-04-14
87,Person_87,44,CityD,CountryY,56106,2023-08-16
88,Person_88,54,CityB,CountryX,35487,2023-02-21
89,Person_89,21,CityA,CountryZ,46932,2023-02-01
90,Person_90,31,CityC,CountryY,33867,2022-11-21
91,Person_91,47,CityA,CountryZ,57463,2022-12-05
92,Person_92,27,CityC,CountryX,57801,2023-04-02
93,Person_93,57,CityE,CountryX,32073,2023-02-06
94,Person_94,55,CityA,CountryY,40848,2023-06-25
95,Person_95,22,CityB,CountryZ,50029,2022-12-27
96,Person_96,34,CityB,CountryY,53957,2022-12-19
97,Person_97,20,CityB,CountryZ,30594,2023-01-07
98,Person_98,26,CityC,CountryZ,61115,2022-12-21
99,Person_99,19,CityA,CountryZ,45357,2023-04-14
100,Person_100,30,CityB,CountryZ,38802,2023-02-24
